번호,카테고리,칵테일명,파일명(id),확장자 예시,완료
1,Classic,"Americano",americano,americano.jpg,
2,Classic,"B-52",b-52,b-52.jpg,
3,Classic,"B&B",b-b,b-b.jpg,
4,Classic,"Bee's Kiss",bees-kiss,bees-kiss.jpg,
5,Classic,"Black Russian",black-russian,black-russian.jpg,
6,Classic,"Bloody Maria",bloody-maria,bloody-maria.jpg,
7,Classic,"Bloody Mary",bloody-mary,bloody-mary.jpg,
8,Classic,"Brandy Alexander",brandy-alexander,brandy-alexander.jpg,
9,Classic,"Brave Bull",brave-bull,brave-bull.jpg,
10,Classic,"Buttery Nipple",buttery-nipple,buttery-nipple.jpg,
11,Classic,"Corpse Reviver No. 1",corpse-reviver-no-1,corpse-reviver-no-1.jpg,
12,Classic,"East India Cocktail",east-india-cocktail,east-india-cocktail.jpg,
13,Classic,"French Connection",french-connection,french-connection.jpg,
14,Classic,"Godfather",godfather,godfather.jpg,
15,Classic,"Godmother",godmother,godmother.jpg,
16,Classic,"Golden Cadillac",golden-cadillac,golden-cadillac.jpg,
17,Classic,"Grasshopper",grasshopper,grasshopper.jpg,
18,Classic,"Hot Toddy",hot-toddy,hot-toddy.jpg,
19,Classic,"Irish Coffee",irish-coffee,irish-coffee.jpg,
20,Classic,"Japanese Cocktail",japanese-cocktail,japanese-cocktail.jpg,
21,Classic,"Kingston Negroni",kingston-negroni,kingston-negroni.jpg,
22,Classic,"Kir",kir,kir.jpg,
23,Classic,"Lemon Drop Shot",lemon-drop-shot,lemon-drop-shot.jpg,
24,Classic,"Mezcal Negroni",mezcal-negroni,mezcal-negroni.jpg,
25,Classic,"Mudslide",mudslide,mudslide.jpg,
26,Classic,"Negroni",negroni,negroni.jpg,
27,Classic,"Pink Squirrel",pink-squirrel,pink-squirrel.jpg,
28,Classic,"Port Flip",port-flip,port-flip.jpg,
29,Classic,"Rosita",rosita,rosita.jpg,
30,Classic,"Sherry Cobbler",sherry-cobbler,sherry-cobbler.jpg,
31,Classic,"Sombrero",sombrero,sombrero.jpg,
32,Classic,"Stinger",stinger,stinger.jpg,
33,Classic,"Tequila Slammer",tequila-slammer,tequila-slammer.jpg,
34,Classic,"Ti' Punch",ti-punch,ti-punch.jpg,
35,Classic,"Washington Apple",washington-apple,washington-apple.jpg,
36,Classic,"White Negroni",white-negroni,white-negroni.jpg,
37,Classic,"White Russian",white-russian,white-russian.jpg,
38,Classic,"White Spider",white-spider,white-spider.jpg,
39,Highball,"Batanga",batanga,batanga.jpg,
40,Highball,"Bay Breeze",bay-breeze,bay-breeze.jpg,
41,Highball,"Blue Lagoon",blue-lagoon,blue-lagoon.jpg,
42,Highball,"Cantarito",cantarito,cantarito.jpg,
43,Highball,"Cape Codder",cape-codder,cape-codder.jpg,
44,Highball,"Colorado Bulldog",colorado-bulldog,colorado-bulldog.jpg,
45,Highball,"Cuba Libre",cuba-libre,cuba-libre.jpg,
46,Highball,"Dark 'n' Stormy",dark-n-stormy,dark-n-stormy.jpg,
47,Highball,"Dark Stormy Rye",dark-stormy-rye,dark-stormy-rye.jpg,
48,Highball,"Doctor Funk",doctor-funk,doctor-funk.jpg,
49,Highball,"El Diablo",el-diablo,el-diablo.jpg,
50,Highball,"Freddy Fudpucker",freddy-fudpucker,freddy-fudpucker.jpg,
51,Highball,"Gin & Tonic",gin-tonic,gin-tonic.jpg,
52,Highball,"Gin Gin Mule",gin-gin-mule,gin-gin-mule.jpg,
53,Highball,"Gin Rickey",gin-rickey,gin-rickey.jpg,
54,Highball,"Greyhound",greyhound,greyhound.jpg,
55,Highball,"Harvey Wallbanger",harvey-wallbanger,harvey-wallbanger.jpg,
56,Highball,"Horse's Neck",horses-neck,horses-neck.jpg,
57,Highball,"Irish Mule",irish-mule,irish-mule.jpg,
58,Highball,"Kentucky Buck",kentucky-buck,kentucky-buck.jpg,
59,Highball,"Kentucky Mule",kentucky-mule,kentucky-mule.jpg,
60,Highball,"Long Island Iced Tea",long-island-iced-tea,long-island-iced-tea.jpg,
61,Highball,"Madras",madras,madras.jpg,
62,Highball,"Melon Ball",melon-ball,melon-ball.jpg,
63,Highball,"Mexican Mule",mexican-mule,mexican-mule.jpg,
64,Highball,"Mind Eraser",mind-eraser,mind-eraser.jpg,
65,Highball,"Mojito",mojito,mojito.jpg,
66,Highball,"Moscow Mule",moscow-mule,moscow-mule.jpg,
67,Highball,"Paloma",paloma,paloma.jpg,
68,Highball,"Pimm's Cup",pimms-cup,pimms-cup.jpg,
69,Highball,"Presbyterian",presbyterian,presbyterian.jpg,
70,Highball,"Ranch Water",ranch-water,ranch-water.jpg,
71,Highball,"Rum and Coke",rum-and-coke,rum-and-coke.jpg,
72,Highball,"Rum Swizzle",rum-swizzle,rum-swizzle.jpg,
73,Highball,"Salty Chihuahua",salty-chihuahua,salty-chihuahua.jpg,
74,Highball,"Salty Dog",salty-dog,salty-dog.jpg,
75,Highball,"Screwdriver",screwdriver,screwdriver.jpg,
76,Highball,"Sea Breeze",sea-breeze,sea-breeze.jpg,
77,Highball,"Sex on the Beach",sex-on-the-beach,sex-on-the-beach.jpg,
78,Highball,"Tequila Sunrise",tequila-sunrise,tequila-sunrise.jpg,
79,Highball,"Tom Collins",tom-collins,tom-collins.jpg,
80,Highball,"Vodka Collins",vodka-collins,vodka-collins.jpg,
81,Highball,"Vodka Soda",vodka-soda,vodka-soda.jpg,
82,Highball,"Vodka Sunrise",vodka-sunrise,vodka-sunrise.jpg,
83,Highball,"Whiskey Collins",whiskey-collins,whiskey-collins.jpg,
84,Highball,"Whiskey Ginger",whiskey-ginger,whiskey-ginger.jpg,
85,Highball,"Whiskey Highball",whiskey-highball,whiskey-highball.jpg,
86,Highball,"Whiskey Rickey",whiskey-rickey,whiskey-rickey.jpg,
87,Highball,"Woo Woo",woo-woo,woo-woo.jpg,
88,Martini,"Adonis",adonis,adonis.jpg,
89,Martini,"Alaska Cocktail",alaska-cocktail,alaska-cocktail.jpg,
90,Martini,"Appletini",appletini,appletini.jpg,
91,Martini,"Bijou",bijou,bijou.jpg,
92,Martini,"Blue Moon",blue-moon,blue-moon.jpg,
93,Martini,"Breakfast Martini",breakfast-martini,breakfast-martini.jpg,
94,Martini,"Bronx",bronx,bronx.jpg,
95,Martini,"Cardinale",cardinale,cardinale.jpg,
96,Martini,"Chocolate Martini",chocolate-martini,chocolate-martini.jpg,
97,Martini,"Cosmopolitan",cosmopolitan,cosmopolitan.jpg,
98,Martini,"Dirty Martini",dirty-martini,dirty-martini.jpg,
99,Martini,"Dry Martini",dry-martini,dry-martini.jpg,
100,Martini,"El Presidente",el-presidente,el-presidente.jpg,
101,Martini,"Espresso Martini",espresso-martini,espresso-martini.jpg,
102,Martini,"Fifty-Fifty Martini",fifty-fifty-martini,fifty-fifty-martini.jpg,
103,Martini,"French Martini",french-martini,french-martini.jpg,
104,Martini,"Hanky Panky",hanky-panky,hanky-panky.jpg,
105,Martini,"Journalist",journalist,journalist.jpg,
106,Martini,"Lemon Drop Martini",lemon-drop-martini,lemon-drop-martini.jpg,
107,Martini,"Martinez",martinez,martinez.jpg,
108,Martini,"Satan's Whiskers",satans-whiskers,satans-whiskers.jpg,
109,Martini,"Tuxedo",tuxedo,tuxedo.jpg,
110,Martini,"Vesper",vesper,vesper.jpg,
111,Martini,"Vodka Martini",vodka-martini,vodka-martini.jpg,
112,Martini,"Watermelon Martini",watermelon-martini,watermelon-martini.jpg,
113,Sour,"Algonquin",algonquin,algonquin.jpg,
114,Sour,"Amaretto Sour",amaretto-sour,amaretto-sour.jpg,
115,Sour,"Applejack Rabbit",applejack-rabbit,applejack-rabbit.jpg,
116,Sour,"Army & Navy",army-navy,army-navy.jpg,
117,Sour,"Aviation",aviation,aviation.jpg,
118,Sour,"Bacardi Cocktail",bacardi-cocktail,bacardi-cocktail.jpg,
119,Sour,"Balalaika",balalaika,balalaika.jpg,
120,Sour,"Beachcomber",beachcomber,beachcomber.jpg,
121,Sour,"Bee's Knees",bees-knees,bees-knees.jpg,
122,Sour,"Between the Sheets",between-the-sheets,between-the-sheets.jpg,
123,Sour,"Blinker",blinker,blinker.jpg,
124,Sour,"Bourbon Renewal",bourbon-renewal,bourbon-renewal.jpg,
125,Sour,"Bramble",bramble,bramble.jpg,
126,Sour,"Bramble Royale",bramble-royale,bramble-royale.jpg,
127,Sour,"Brandy Crusta",brandy-crusta,brandy-crusta.jpg,
128,Sour,"Brandy Sour",brandy-sour,brandy-sour.jpg,
129,Sour,"Cable Car",cable-car,cable-car.jpg,
130,Sour,"Caipirinha",caipirinha,caipirinha.jpg,
131,Sour,"Caipiroska",caipiroska,caipiroska.jpg,
132,Sour,"Champs-Élysées",champs-lys-es,champs-lys-es.jpg,
133,Sour,"Chapala",chapala,chapala.jpg,
134,Sour,"Cherry Blossom",cherry-blossom,cherry-blossom.jpg,
135,Sour,"Clover Club",clover-club,clover-club.jpg,
136,Sour,"Corpse Reviver No. 2",corpse-reviver-no-2,corpse-reviver-no-2.jpg,
137,Sour,"Cucumber Mint Vodka Smash",cucumber-mint-vodka-smash,cucumber-mint-vodka-smash.jpg,
138,Sour,"Daiquiri",daiquiri,daiquiri.jpg,
139,Sour,"Division Bell",division-bell,division-bell.jpg,
140,Sour,"Frisco Sour",frisco-sour,frisco-sour.jpg,
141,Sour,"Frozen Margarita",frozen-margarita,frozen-margarita.jpg,
142,Sour,"Gimlet",gimlet,gimlet.jpg,
143,Sour,"Gin Basil Smash",gin-basil-smash,gin-basil-smash.jpg,
144,Sour,"Gin Daisy",gin-daisy,gin-daisy.jpg,
145,Sour,"Gin Fizz",gin-fizz,gin-fizz.jpg,
146,Sour,"Gin Sour",gin-sour,gin-sour.jpg,
147,Sour,"Gold Rush",gold-rush,gold-rush.jpg,
148,Sour,"Hemingway Daiquiri",hemingway-daiquiri,hemingway-daiquiri.jpg,
149,Sour,"Hotel Nacional",hotel-nacional,hotel-nacional.jpg,
150,Sour,"Jack Rose",jack-rose,jack-rose.jpg,
151,Sour,"Kamikaze",kamikaze,kamikaze.jpg,
152,Sour,"Last Word",last-word,last-word.jpg,
153,Sour,"Margarita",margarita,margarita.jpg,
154,Sour,"Mary Pickford",mary-pickford,mary-pickford.jpg,
155,Sour,"Matador",matador,matador.jpg,
156,Sour,"Metropolitan",metropolitan,metropolitan.jpg,
157,Sour,"Mexican Firing Squad",mexican-firing-squad,mexican-firing-squad.jpg,
158,Sour,"Mezcal Margarita",mezcal-margarita,mezcal-margarita.jpg,
159,Sour,"Monkey Gland",monkey-gland,monkey-gland.jpg,
160,Sour,"Naked and Famous",naked-and-famous,naked-and-famous.jpg,
161,Sour,"New York Sour",new-york-sour,new-york-sour.jpg,
162,Sour,"Paper Plane",paper-plane,paper-plane.jpg,
163,Sour,"Pegu Club",pegu-club,pegu-club.jpg,
164,Sour,"Penicillin",penicillin,penicillin.jpg,
165,Sour,"Pink Lady",pink-lady,pink-lady.jpg,
166,Sour,"Pisco Sour",pisco-sour,pisco-sour.jpg,
167,Sour,"Ramos Gin Fizz",ramos-gin-fizz,ramos-gin-fizz.jpg,
168,Sour,"Rum Sour",rum-sour,rum-sour.jpg,
169,Sour,"Scofflaw",scofflaw,scofflaw.jpg,
170,Sour,"Sidecar",sidecar,sidecar.jpg,
171,Sour,"Silver Fizz",silver-fizz,silver-fizz.jpg,
172,Sour,"Singapore Sling",singapore-sling,singapore-sling.jpg,
173,Sour,"Southside",southside,southside.jpg,
174,Sour,"Spicy Margarita",spicy-margarita,spicy-margarita.jpg,
175,Sour,"Tequila Smash",tequila-smash,tequila-smash.jpg,
176,Sour,"Tommy's Margarita",tommys-margarita,tommys-margarita.jpg,
177,Sour,"Trinidad Sour",trinidad-sour,trinidad-sour.jpg,
178,Sour,"Twentieth Century",twentieth-century,twentieth-century.jpg,
179,Sour,"Vodka Gimlet",vodka-gimlet,vodka-gimlet.jpg,
180,Sour,"Ward 8",ward-8,ward-8.jpg,
181,Sour,"Watermelon Margarita",watermelon-margarita,watermelon-margarita.jpg,
182,Sour,"Whiskey Daisy",whiskey-daisy,whiskey-daisy.jpg,
183,Sour,"Whiskey Smash",whiskey-smash,whiskey-smash.jpg,
184,Sour,"Whiskey Sour",whiskey-sour,whiskey-sour.jpg,
185,Sour,"White Lady",white-lady,white-lady.jpg,
186,Sour,"XYZ Cocktail",xyz-cocktail,xyz-cocktail.jpg,
187,Sparkling,"Americano Spritz",americano-spritz,americano-spritz.jpg,
188,Sparkling,"Aperol Spritz",aperol-spritz,aperol-spritz.jpg,
189,Sparkling,"Bellini",bellini,bellini.jpg,
190,Sparkling,"Bicicletta",bicicletta,bicicletta.jpg,
191,Sparkling,"Champagne Cocktail",champagne-cocktail,champagne-cocktail.jpg,
192,Sparkling,"Death in the Afternoon",death-in-the-afternoon,death-in-the-afternoon.jpg,
193,Sparkling,"Diamond Fizz",diamond-fizz,diamond-fizz.jpg,
194,Sparkling,"Flirtini",flirtini,flirtini.jpg,
195,Sparkling,"French 75",french-75,french-75.jpg,
196,Sparkling,"Hugo Spritz",hugo-spritz,hugo-spritz.jpg,
197,Sparkling,"Kir Royale",kir-royale,kir-royale.jpg,
198,Sparkling,"Mexican 75",mexican-75,mexican-75.jpg,
199,Sparkling,"Mimosa",mimosa,mimosa.jpg,
200,Sparkling,"Negroni Sbagliato",negroni-sbagliato,negroni-sbagliato.jpg,
201,Sparkling,"Old Cuban",old-cuban,old-cuban.jpg,
202,Sparkling,"Poinsettia",poinsettia,poinsettia.jpg,
203,Sparkling,"Seelbach",seelbach,seelbach.jpg,
204,Sparkling,"Vermouth Spritz",vermouth-spritz,vermouth-spritz.jpg,
205,Tiki,"Bahama Mama",bahama-mama,bahama-mama.jpg,
206,Tiki,"Barbados Rum Punch",barbados-rum-punch,barbados-rum-punch.jpg,
207,Tiki,"Bushwacker",bushwacker,bushwacker.jpg,
208,Tiki,"Chi-Chi",chi-chi,chi-chi.jpg,
209,Tiki,"Corn 'n' Oil",corn-n-oil,corn-n-oil.jpg,
210,Tiki,"Fog Cutter",fog-cutter,fog-cutter.jpg,
211,Tiki,"Frozen Daiquiri",frozen-daiquiri,frozen-daiquiri.jpg,
212,Tiki,"Hurricane",hurricane,hurricane.jpg,
213,Tiki,"Jet Pilot",jet-pilot,jet-pilot.jpg,
214,Tiki,"Jungle Bird",jungle-bird,jungle-bird.jpg,
215,Tiki,"Mai Tai",mai-tai,mai-tai.jpg,
216,Tiki,"Missionary's Downfall",missionarys-downfall,missionarys-downfall.jpg,
217,Tiki,"Navy Grog",navy-grog,navy-grog.jpg,
218,Tiki,"Painkiller",painkiller,painkiller.jpg,
219,Tiki,"Piña Colada",pi-a-colada,pi-a-colada.jpg,
220,Tiki,"Planter's Punch",planters-punch,planters-punch.jpg,
221,Tiki,"Queen's Park Swizzle",queens-park-swizzle,queens-park-swizzle.jpg,
222,Tiki,"Rum Punch",rum-punch,rum-punch.jpg,
223,Tiki,"Rum Runner",rum-runner,rum-runner.jpg,
224,Tiki,"Saturn",saturn,saturn.jpg,
225,Tiki,"Scorpion Bowl",scorpion-bowl,scorpion-bowl.jpg,
226,Tiki,"Test Pilot",test-pilot,test-pilot.jpg,
227,Tiki,"Three Dots and a Dash",three-dots-and-a-dash,three-dots-and-a-dash.jpg,
228,Tiki,"Zombie",zombie,zombie.jpg,
229,Whiskey,"Black Manhattan",black-manhattan,black-manhattan.jpg,
230,Whiskey,"Blood and Sand",blood-and-sand,blood-and-sand.jpg,
231,Whiskey,"Boulevardier",boulevardier,boulevardier.jpg,
232,Whiskey,"Brooklyn",brooklyn,brooklyn.jpg,
233,Whiskey,"De La Louisiane",de-la-louisiane,de-la-louisiane.jpg,
234,Whiskey,"Espresso Old Fashioned",espresso-old-fashioned,espresso-old-fashioned.jpg,
235,Whiskey,"Fancy Free",fancy-free,fancy-free.jpg,
236,Whiskey,"Improved Whiskey Cocktail",improved-whiskey-cocktail,improved-whiskey-cocktail.jpg,
237,Whiskey,"Kentucky Colonel",kentucky-colonel,kentucky-colonel.jpg,
238,Whiskey,"Manhattan",manhattan,manhattan.jpg,
239,Whiskey,"Manhattan (Perfect)",manhattan-perfect,manhattan-perfect.jpg,
240,Whiskey,"Mint Julep",mint-julep,mint-julep.jpg,
241,Whiskey,"Oaxaca Old Fashioned",oaxaca-old-fashioned,oaxaca-old-fashioned.jpg,
242,Whiskey,"Old Fashioned",old-fashioned,old-fashioned.jpg,
243,Whiskey,"Old Pal",old-pal,old-pal.jpg,
244,Whiskey,"Remember the Maine",remember-the-maine,remember-the-maine.jpg,
245,Whiskey,"Rob Roy",rob-roy,rob-roy.jpg,
246,Whiskey,"Rum Old Fashioned",rum-old-fashioned,rum-old-fashioned.jpg,
247,Whiskey,"Rusty Nail",rusty-nail,rusty-nail.jpg,
248,Whiskey,"Sazerac",sazerac,sazerac.jpg,
249,Whiskey,"Suburban",suburban,suburban.jpg,
250,Whiskey,"Tequila Old Fashioned",tequila-old-fashioned,tequila-old-fashioned.jpg,
251,Whiskey,"Toronto",toronto,toronto.jpg,
252,Whiskey,"Vieux Carré",vieux-carr,vieux-carr.jpg,
253,Whiskey,"Waldorf Cocktail",waldorf-cocktail,waldorf-cocktail.jpg,
